{
  "filename": "pred_CY45-05_1-#6.csv",
  "dataset": "Dataset_1_NCA_battery",
  "num_cycles": 59,
  "initial_capacity": 3.347930372180853,
  "pinn_model": "model_TJU_0.pth",
  "metrics": {
    "MAE": 0.06561724096536636,
    "MAPE": 0.07708613574504852,
    "MSE": 0.0063051325269043446,
    "RMSE": 0.07940486818552017
  }
}