{
  "filename": "pred_CY25-05_1-#17.csv",
  "dataset": "Dataset_1_NCA_battery",
  "num_cycles": 54,
  "initial_capacity": 3.2185017020681426,
  "pinn_model": "model_TJU_0.pth",
  "metrics": {
    "MAE": 0.0916060358285904,
    "MAPE": 0.10616780817508698,
    "MSE": 0.012889530509710312,
    "RMSE": 0.11353206634521484
  }
}