{
  "filename": "pred_CY25-025_1-#1.csv",
  "dataset": "Dataset_1_NCA_battery",
  "num_cycles": 144,
  "initial_capacity": 3.246857740573049,
  "pinn_model": "model_TJU_0.pth",
  "metrics": {
    "MAE": 0.07740361988544464,
    "MAPE": 0.08673766255378723,
    "MSE": 0.012505020946264267,
    "RMSE": 0.1118258535861969
  }
}