{
  "filename": "pred_CY45-05_1-#12.csv",
  "dataset": "Dataset_1_NCA_battery",
  "num_cycles": 239,
  "initial_capacity": 3.346682512832439,
  "pinn_model": "model_TJU_0.pth",
  "metrics": {
    "MAE": 0.08683529496192932,
    "MAPE": 0.1115972027182579,
    "MSE": 0.011396851390600204,
    "RMSE": 0.10675603896379471
  }
}