{
  "filename": "pred_CY25-05_1-#19.csv",
  "dataset": "Dataset_1_NCA_battery",
  "num_cycles": 45,
  "initial_capacity": 3.247025715846084,
  "pinn_model": "model_TJU_0.pth",
  "metrics": {
    "MAE": 0.09189362078905106,
    "MAPE": 0.11455315351486206,
    "MSE": 0.012287547811865807,
    "RMSE": 0.11084920912981033
  }
}