{
  "filename": "pred_CY45-05_1-#1.csv",
  "dataset": "Dataset_1_NCA_battery",
  "num_cycles": 211,
  "initial_capacity": 3.3487704491404884,
  "pinn_model": "model_TJU_0.pth",
  "metrics": {
    "MAE": 0.08179226517677307,
    "MAPE": 0.09605250507593155,
    "MSE": 0.012083369307219982,
    "RMSE": 0.10992438346147537
  }
}