{
  "filename": "pred_CY25-05_1-#14.csv",
  "dataset": "Dataset_1_NCA_battery",
  "num_cycles": 55,
  "initial_capacity": 3.260371659439293,
  "pinn_model": "model_TJU_0.pth",
  "metrics": {
    "MAE": 0.08321242034435272,
    "MAPE": 0.10900947451591492,
    "MSE": 0.010500547476112843,
    "RMSE": 0.10247217863798141
  }
}