{
  "filename": "pred_CY25-05_1-#12.csv",
  "dataset": "Dataset_1_NCA_battery",
  "num_cycles": 45,
  "initial_capacity": 3.2397055110957864,
  "pinn_model": "model_TJU_0.pth",
  "metrics": {
    "MAE": 0.11664821952581406,
    "MAPE": 0.13882391154766083,
    "MSE": 0.020652832463383675,
    "RMSE": 0.1437109410762787
  }
}