{
  "filename": "pred_CY25-05_1-#4.csv",
  "dataset": "Dataset_1_NCA_battery",
  "num_cycles": 55,
  "initial_capacity": 3.239448003819175,
  "pinn_model": "model_TJU_0.pth",
  "metrics": {
    "MAE": 0.11117923259735107,
    "MAPE": 0.11777611076831818,
    "MSE": 0.025827722623944283,
    "RMSE": 0.16071005165576935
  }
}