{
  "filename": "pred_CY35-05_1-#1.csv",
  "dataset": "Dataset_1_NCA_battery",
  "num_cycles": 159,
  "initial_capacity": 3.296239342702364,
  "pinn_model": "model_TJU_0.pth",
  "metrics": {
    "MAE": 0.11048944294452667,
    "MAPE": 0.13350094854831696,
    "MSE": 0.019912047311663628,
    "RMSE": 0.14111004769802094
  }
}