{
  "filename": "pred_CY25-05_1-#8.csv",
  "dataset": "Dataset_1_NCA_battery",
  "num_cycles": 33,
  "initial_capacity": 3.286452231038274,
  "pinn_model": "model_TJU_0.pth",
  "metrics": {
    "MAE": 0.14272235333919525,
    "MAPE": 0.19259247183799744,
    "MSE": 0.025089336559176445,
    "RMSE": 0.1583961397409439
  }
}