{
  "filename": "pred_CY25-05_1-#18.csv",
  "dataset": "Dataset_1_NCA_battery",
  "num_cycles": 55,
  "initial_capacity": 3.253576918670924,
  "pinn_model": "model_TJU_0.pth",
  "metrics": {
    "MAE": 0.12838558852672577,
    "MAPE": 0.16374634206295013,
    "MSE": 0.02456148900091648,
    "RMSE": 0.1567210555076599
  }
}