{
  "filename": "pred_CY25-05_1-#15.csv",
  "dataset": "Dataset_1_NCA_battery",
  "num_cycles": 55,
  "initial_capacity": 3.255968085512966,
  "pinn_model": "model_TJU_0.pth",
  "metrics": {
    "MAE": 0.1086801216006279,
    "MAPE": 0.1221022754907608,
    "MSE": 0.021047541871666908,
    "RMSE": 0.14507770538330078
  }
}