{
  "filename": "pred_CY25-05_1-#23.csv",
  "dataset": "Dataset_2_NCM_battery",
  "num_cycles": 57,
  "initial_capacity": 3.232310886317277,
  "pinn_model": "model_TJU_1.pth",
  "metrics": {
    "MAE": 0.434369832277298,
    "MAPE": 3.3648762702941895,
    "MSE": 0.4264484941959381,
    "RMSE": 0.6530302166938782
  }
}