{
  "filename": "pred_CY45-05_1-#11.csv",
  "dataset": "Dataset_2_NCM_battery",
  "num_cycles": 240,
  "initial_capacity": 3.3006949631393767,
  "pinn_model": "model_TJU_1.pth",
  "metrics": {
    "MAE": 0.19970054924488068,
    "MAPE": 0.7212880849838257,
    "MSE": 0.09686419367790222,
    "RMSE": 0.3112301230430603
  }
}