{
  "filename": "pred_CY25-05_1-#4.csv",
  "dataset": "Dataset_2_NCM_battery",
  "num_cycles": 55,
  "initial_capacity": 3.209337399697402,
  "pinn_model": "model_TJU_1.pth",
  "metrics": {
    "MAE": 0.3397946059703827,
    "MAPE": 3.5076565742492676,
    "MSE": 0.23793616890907288,
    "RMSE": 0.48778700828552246
  }
}