{
  "filename": "pred_CY25-05_1-#3.csv",
  "dataset": "Dataset_2_NCM_battery",
  "num_cycles": 56,
  "initial_capacity": 3.212307439723173,
  "pinn_model": "model_TJU_1.pth",
  "metrics": {
    "MAE": 0.41915562748908997,
    "MAPE": 1.9090077877044678,
    "MSE": 0.38318178057670593,
    "RMSE": 0.6190167665481567
  }
}