{
  "filename": "pred_CY45-05_1-#1.csv",
  "dataset": "Dataset_2_NCM_battery",
  "num_cycles": 135,
  "initial_capacity": 3.302975391764726,
  "pinn_model": "model_TJU_1.pth",
  "metrics": {
    "MAE": 0.1928178071975708,
    "MAPE": 0.5272169709205627,
    "MSE": 0.06627952307462692,
    "RMSE": 0.25744810700416565
  }
}