{
  "filename": "pred_CY25-05_1-#18.csv",
  "dataset": "Dataset_2_NCM_battery",
  "num_cycles": 57,
  "initial_capacity": 3.231158799827743,
  "pinn_model": "model_TJU_1.pth",
  "metrics": {
    "MAE": 0.36729666590690613,
    "MAPE": 3.0717709064483643,
    "MSE": 0.23993250727653503,
    "RMSE": 0.48982906341552734
  }
}