{
  "filename": "pred_CY25-05_1-#9.csv",
  "dataset": "Dataset_2_NCM_battery",
  "num_cycles": 104,
  "initial_capacity": 3.159824928705104,
  "pinn_model": "model_TJU_1.pth",
  "metrics": {
    "MAE": 0.27123528718948364,
    "MAPE": 1.0197523832321167,
    "MSE": 0.16364629566669464,
    "RMSE": 0.40453219413757324
  }
}