{
  "filename": "pred_CY25-05_1-#12.csv",
  "dataset": "Dataset_2_NCM_battery",
  "num_cycles": 59,
  "initial_capacity": 3.150319480493028,
  "pinn_model": "model_TJU_1.pth",
  "metrics": {
    "MAE": 0.2095407396554947,
    "MAPE": 0.369514524936676,
    "MSE": 0.06295078247785568,
    "RMSE": 0.25089994072914124
  }
}