{
  "filename": "pred_CY25-05_1-#7.csv",
  "dataset": "Dataset_2_NCM_battery",
  "num_cycles": 57,
  "initial_capacity": 3.224299210168731,
  "pinn_model": "model_TJU_1.pth",
  "metrics": {
    "MAE": 0.3490552306175232,
    "MAPE": 1.675018548965454,
    "MSE": 0.2556692063808441,
    "RMSE": 0.5056374073028564
  }
}