{
  "filename": "pred_CY25-05_1-#1.csv",
  "dataset": "Dataset_2_NCM_battery",
  "num_cycles": 58,
  "initial_capacity": 3.2215689452018244,
  "pinn_model": "model_TJU_1.pth",
  "metrics": {
    "MAE": 0.3629710078239441,
    "MAPE": 1.713095784187317,
    "MSE": 0.28353622555732727,
    "RMSE": 0.5324811935424805
  }
}