{
  "filename": "pred_CY45-05_1-#5.csv",
  "dataset": "Dataset_2_NCM_battery",
  "num_cycles": 60,
  "initial_capacity": 3.30448738207384,
  "pinn_model": "model_TJU_1.pth",
  "metrics": {
    "MAE": 0.2732410728931427,
    "MAPE": 0.8705236315727234,
    "MSE": 0.11519553512334824,
    "RMSE": 0.3394046723842621
  }
}