{
  "filename": "pred_CY25-05_1-#5.csv",
  "dataset": "Dataset_2_NCM_battery",
  "num_cycles": 136,
  "initial_capacity": 3.160819004887152,
  "pinn_model": "model_TJU_1.pth",
  "metrics": {
    "MAE": 0.14719517529010773,
    "MAPE": 0.2588486671447754,
    "MSE": 0.03360436484217644,
    "RMSE": 0.18331493437290192
  }
}